{
  "model": "RandomForest",
  "0": {
    "precision": 0.9823978335795175,
    "recall": 0.9981240620310156,
    "f1-score": 0.9901985111662531,
    "support": 7996.0
  },
  "1": {
    "precision": 0.9740484429065744,
    "recall": 0.7974504249291785,
    "f1-score": 0.8769470404984424,
    "support": 706.0
  },
  "accuracy": 0.9818432544242702,
  "macro avg": {
    "precision": 0.978223138243046,
    "recall": 0.8977872434800971,
    "f1-score": 0.9335727758323478,
    "support": 8702.0
  },
  "weighted avg": {
    "precision": 0.9817204410473297,
    "recall": 0.9818432544242702,
    "f1-score": 0.9810103316337921,
    "support": 8702.0
  }
}